date;plot;element;type;azimuth;distance;az_rad;x;y;detected;id_cluster_detected;detectable;id_cluster_detectable;stage_saproxylation;age;species;epiphytes;forks;notes;length_1;length_2;length_3;length_4;length_5;length_6;length_7;length_8;total_length;circ_1;circ_2;circ_3;circ_4;circ_5;circ_6;circ_7;circ_8;mean_circ;volume_1;volume_2;volume_3;volume_4;volume_5;volume_6;volume_7;volume_8;total_volume
05/06/2023;07_04;1;log;11;1,4;1,378810109;0,27;1,37;no;;yes;169;1;> 3 years;unidentified;> 80% moss;;;2,36;;;;;;;;2,36;25,5;;;;;;;;25,5;0,017843804;;;;;;;;0,017843804
05/06/2023;07_04;2;log;355;4,9;1,658062789;-0,43;4,88;yes;87;yes;"87; 145";3;> 3 years;Quercus spp.;> 80% moss;;;2,735;;;;;;;;2,735;39,5;;;;;;;;39,5;0,045367412;;;;;;;;0,045367412
05/06/2023;07_04;3;log;354;8,48;1,675516082;-0,89;8,43;yes;43;yes;"42; 43; 49";1;fresh;Corylus avellana;< 30% moss;;;6;;;;;;;;6;30,9;;;;;;;;30,9;0,041000794;;;;;;;;0,041000794
05/06/2023;07_04;4;log;1;15,25;1,553343034;0,27;15,25;yes;"63; 67; 69; 68";yes;"63; 67; 69; 68; 72";1;fresh;Carpinus betulus;< 30% moss;2;;2,07;4;0,65;5;6;;;;17,72;56,95;27;57,6;26,5;28;;;;39,21;0,050072672;0,025029754;0,016941058;0,025616625;0,03377691;;;;0,151437019
05/06/2023;07_04;5;log;359;12,7;1,588249619;-0,22;12,7;yes;"37; 77; 51; 52; 46; 48; 672; 632";yes;"37; 77; 51; 52; 53; 46; 47; 48; 39; 926; 672; 632";1;fresh;Carpinus betulus;;;;11;;;;;;;;11;31,5;;;;;;;;31,5;0,098056037;;;;;;;;0,098056037
05/06/2023;07_04;6;log;6;8,8;1,466076572;0,92;8,75;yes;611;yes;611;1;fresh;Corylus avellana;;;;1;;;;;;;;1;20,2;;;;;;;;20,2;0,003389138;;;;;;;;0,003389138
05/06/2023;07_04;7;log;0;9,12;1,570796327;0;9,12;yes;35;yes;"54; 35; 41";1;fresh;Corylus avellana;;;;5;;;;;;;;5;22,5;;;;;;;;22,5;0,020805212;;;;;;;;0,020805212
05/06/2023;07_04;8;log;15;10,63;1,308996939;2,75;10,27;no;;no;;6;> 3 years;unidentified;> 80% moss;;très dégradé;1,5;;;;;;;;1,5;52,65;;;;;;;;52,65;0,031042734;;;;;;;;0,031042734
05/06/2023;07_04;9;log;45;13,12;0,785398163;9,28;9,28;no;;yes;469;2;≤ 3 years;Corylus avellana;;;;3;;;;;;;;3;21,5;;;;;;;;21,5;0,010768423;;;;;;;;0,010768423
05/06/2023;07_04;10;log;75;13,92;0,261799388;13,45;3,6;no;;yes;470;2;≤ 3 years;Corylus avellana;;;;6;;;;;;;;6;23,4;;;;;;;;23,4;0,028647704;;;;;;;;0,028647704
05/06/2023;07_04;11;log;75;14,06;0,261799388;13,58;3,64;no;;no;;4;> 3 years;Corylus avellana;;;groupé avec 10;2,44;;;;;;;;2,44;22,6;;;;;;;;22,6;0,010447039;;;;;;;;0,010447039
05/06/2023;07_04;12;log;75;14,1;0,261799388;13,62;3,65;no;;no;;3;> 3 years;Corylus avellana;;;groupé avec 10;4,5;;;;;;;;4,5;23,85;;;;;;;;23,85;0,019857272;;;;;;;;0,019857272
05/06/2023;07_04;13;log;75;14,15;0,261799388;13,67;3,66;no;;no;;4;> 3 years;Corylus avellana;;;groupé avec 10;5,65;;;;;;;;5,65;22,7;;;;;;;;22,7;0,022163546;;;;;;;;0,022163546
05/06/2023;07_04;14;log;75;14,2;0,261799388;13,72;3,68;no;;no;;5;> 3 years;Corylus avellana;;;groupé avec 10;2,46;;;;;;;;2,46;26,2;;;;;;;;26,2;0,013058657;;;;;;;;0,013058657
05/06/2023;07_04;15;log;83;16,07;0,122173048;15,95;1,96;no;;no;;1;≤ 3 years;Prunus avium;;;sous un tas de feuilles;1,08;;;;;;;;1,08;22,4;;;;;;;;22,4;0,004650355;;;;;;;;0,004650355
05/06/2023;07_04;16;log;294;13,4;2,722713633;-12,24;5,45;yes;"765; 1078";yes;"765; 1078";1;≤ 3 years;Acer spp.;;;;4;;;;;;;;4;21,1;;;;;;;;21,1;0,01571423;;;;;;;;0,01571423
05/06/2023;07_04;17;log;291;12,93;2,775073511;-12,07;4,63;no;;no;;1;≤ 3 years;Acer spp.;;;;3;;;;;;;;3;22;;;;;;;;22;0,013081939;;;;;;;;0,013081939
05/06/2023;07_04;18;log;290;9;2,792526803;-8,46;3,08;no;;no;;4;> 3 years;Sorbus aucuparia;> 80% moss;;;6;;;;;;;;6;31,4;;;;;;;;31,4;0,045347594;;;;;;;;0,045347594
05/06/2023;07_04;19;branches;330;13,54;2,094395102;-6,77;11,73;no;;yes;55;1;fresh;Quercus spp.;;;décollé du sol, branches verticales;2,7;2;;;;;;;4,7;37,6;25,4;;;;;;;31,5;0,027624147;0,010337803;;;;;;;0,03796195
05/06/2023;07_04;20;log;311;17,7;2,42600766;-13,36;11,61;no;;yes;292;1;≤ 3 years;Quercus spp.;;1;;2,53;;;;;;;;2,53;24,1;;;;;;;;24,1;0,012354982;;;;;;;;0,012354982
05/06/2023;07_04;21;log;314;17,1;2,373647783;-12,3;11,88;no;;yes;5;1;≤ 3 years;Quercus spp.;;;;2;;;;;;;;2;24;;;;;;;;24;0,008968381;;;;;;;;0,008968381
12/06/2023;BM01;1;log;8;12,99;1,431169987;1,81;12,86;yes;1247;yes;"1247; 1253";2;> 3 years;Sorbus aucuparia;< 30% moss;;;4;;;;;;;;4;23,6;;;;;;;;23,6;0,018905631;;;;;;;;0,018905631
12/06/2023;BM01;2;log;20;18;1,221730476;6,16;16,91;yes;"1226; 1242";yes;"1226; 1238; 1242";3;> 3 years;Quercus spp.;;;;3;;;;;;;;3;31,5;;;;;;;;31,5;0,020074399;;;;;;;;0,020074399
12/06/2023;BM01;3;log;19;13,02;1,239183769;4,24;12,31;no;;yes;1455;3;> 3 years;Quercus spp.;< 30% moss;;;1,26;;;;;;;;1,26;21,15;;;;;;;;21,15;0,004881348;;;;;;;;0,004881348
12/06/2023;BM01;4;log;22;15,38;1,186823891;5,76;14,26;yes;1187;yes;"1187; 1133";3;> 3 years;Quercus spp.;;;;2,89;;;;;;;;2,89;30,5;;;;;;;;30,5;0,021200966;;;;;;;;0,021200966
12/06/2023;BM01;5;log;55;17,77;0,610865238;14,56;10,19;yes;1449;yes;"833; 1449";3;> 3 years;Quercus spp.;< 30% moss;1;;1,13;1,36;;;;;;;2,49;27;22,5;;;;;;;24,75;0,006780154;0,006112601;;;;;;;0,012892755
12/06/2023;BM01;6;log;32;16,38;1,012290966;8,68;13,89;no;;no;;3;> 3 years;unidentified;< 30% moss;;;1,5;;;;;;;;1,5;23,15;;;;;;;;23,15;0,006026428;;;;;;;;0,006026428
12/06/2023;BM01;7;log;58;12,31;0,558505361;10,44;6,52;no;;no;;3;> 3 years;unidentified;between 30% and 80% moss;1;;1,7;1,26;;;;;;;2,96;28,5;22,6;;;;;;;25,55;0,01221924;0,005074987;;;;;;;0,017294227
12/06/2023;BM01;8;log;44;16,2;0,802851456;11,25;11,65;no;;yes;772;3;> 3 years;unidentified;;;;1,08;;;;;;;;1,08;32,35;;;;;;;;32,35;0,010508815;;;;;;;;0,010508815
12/06/2023;BM01;9;log;40;16,83;0,872664626;10,82;12,89;yes;1301;yes;1301;3;> 3 years;unidentified;;;;1,385;;;;;;;;1,385;25,4;;;;;;;;25,4;0,007327428;;;;;;;;0,007327428
12/06/2023;BM01;10;log;125;20,85;5,672320069;17,08;-11,96;yes;1501;yes;1501;2;≤ 3 years;unidentified;;;caché;5;;;;;;;;5;27,5;;;;;;;;27,5;0,026601184;;;;;;;;0,026601184
12/06/2023;BM01;11;log;94;10,96;6,213372137;10,93;-0,76;no;;yes;27;2;≤ 3 years;unidentified;between 30% and 80% moss;;;1;;;;;;;;1;23,5;;;;;;;;23,5;0,003689742;;;;;;;;0,003689742
12/06/2023;BM01;12;log;285;7,56;2,879793266;-7,3;1,96;no;;yes;"503; 747; 698";2;> 3 years;unidentified;;;cuber houppier diamètre base = 77cm, distance entre base et souche 10,5m;10,5;1,5;3,5;;;;;;15,5;146,1;25,05;21,75;;;;;;64,3;1,660044904;0,007615551;0,015565035;;;;;;1,68322549
12/06/2023;BM01;13;log;255;10,05;3,403392041;-9,71;-2,6;no;;yes;747;3;> 3 years;unidentified;;;;7;;;;;;;;7;26,25;;;;;;;;26,25;0,047026506;;;;;;;;0,047026506
12/06/2023;BM01;14;tree;227;8,67;3,892084232;-6,34;-5,91;yes;702;yes;702;1;fresh;Sorbus aucuparia;;;pas mesurable, sous des ronces et branches;1,3;;;;;;;;1,3;57,3;;;;;;;;57,3;0,034454191;;;;;;;;0,034454191
12/06/2023;BM01;15;log;311;15,94;2,42600766;-12,03;10,46;no;;no;;4;> 3 years;Sorbus aucuparia;;;;3,93;;;;;;;;3,93;39;;;;;;;;39;0,044915938;;;;;;;;0,044915938
12/06/2023;BM01;16;log;330;17,06;2,094395102;-8,53;14,77;yes;1459;yes;1459;4;> 3 years;unidentified;between 30% and 80% moss;;;2,6;;;;;;;;2,6;23;;;;;;;;23;0,012170377;;;;;;;;0,012170377
13/06/2023;BM02;1;log;19;4,57;1,239183769;1,49;4,32;yes;"1372; 1633";yes;"1372; 1633";2;> 3 years;Quercus spp.;between 30% and 80% moss;;;2;;;;;;;;2;22,7;;;;;;;;22,7;0,009382542;;;;;;;;0,009382542
13/06/2023;BM02;2;log;24;8,42;1,151917306;3,42;7,69;yes;"1363; 1";yes;"1363; 1532; 1";2;> 3 years;Quercus spp.;between 30% and 80% moss;1;;5,85;;;;;;;;5,85;28,85;;;;;;;;28,85;0,033486305;;;;;;;;0,033486305
13/06/2023;BM02;3;log;55;4,34;0,610865238;3,56;2,49;no;;yes;137;4;> 3 years;unidentified;between 30% and 80% moss;;sous la litière;1,58;;;;;;;;1,58;32,5;;;;;;;;32,5;0,012183163;;;;;;;;0,012183163
13/06/2023;BM02;4;log;116;12,18;5,829399702;10,95;-5,34;yes;227;yes;227;1;fresh;unidentified;;;attaché à un arbre vivant;3;;;;;;;;3;22,8;;;;;;;;22,8;0,012003837;;;;;;;;0,012003837
13/06/2023;BM02;5;log;161;14,6;5,044001538;4,75;-13,8;no;;yes;1664;1;≤ 3 years;unidentified;< 30% moss;;;1,19;;;;;;;;1,19;21,6;;;;;;;;21,6;0,004173038;;;;;;;;0,004173038
13/06/2023;BM02;6;log;169;15,04;4,904375198;2,87;-14,76;no;;no;;3;> 3 years;unidentified;< 30% moss;;;2,83;;;;;;;;2,83;32;;;;;;;;32;0,023241679;;;;;;;;0,023241679
13/06/2023;BM02;7;log;172;14,71;4,852015321;2,05;-14,57;yes;"1119; 1120";yes;"1119; 1120";2;> 3 years;unidentified;between 30% and 80% moss;;;3,63;;;;;;;;3,63;45,9;;;;;;;;45,9;0,057949434;;;;;;;;0,057949434
13/06/2023;BM02;8;log;176;15,5;4,78220215;1,08;-15,46;yes;1599;yes;"1598; 1599";3;> 3 years;unidentified;;;brisé en deux;1,5;;;;;;;;1,5;92,65;;;;;;;;92,65;0,103935963;;;;;;;;0,103935963
13/06/2023;BM02;9;log;180;16,12;4,71238898;0;-16,12;no;;yes;"1038; 1033; 1035; 1009";1;≤ 3 years;Quercus spp.;;;;1,47;1,95;4,9;;;;;;8,32;91,85;44,5;63,6;;;;;;66,65;0,110675883;0,027614576;0,163927005;;;;;;0,302217464
13/06/2023;BM02;10;log;120;10,45;5,759586532;9,05;-5,23;yes;"270; 274";yes;"270; 273; 274; 275";4;> 3 years;unidentified;< 30% moss;;;3,36;;;;;;;;3,36;26,15;;;;;;;;26,15;0,01867459;;;;;;;;0,01867459
13/06/2023;BM02;11;log;208;9,76;4,22369679;-4,58;-8,62;no;;yes;959;2;≤ 3 years;unidentified;< 30% moss;;;3;;;;;;;;3;24;;;;;;;;24;0,012334986;;;;;;;;0,012334986
13/06/2023;BM02;12;log;195;14,99;4,450589593;-3,88;-14,48;yes;1699;yes;"1639; 1699";3;> 3 years;unidentified;;;;3;;;;;;;;3;29,8;;;;;;;;29,8;0,020070168;;;;;;;;0,020070168
13/06/2023;BM02;13;log;214;11,96;4,118977035;-6,69;-9,92;yes;1020;yes;"980; 981; 1020";4;> 3 years;unidentified;;;recouvert de feuilles;2,97;;;;;;;;2,97;30,6;;;;;;;;30,6;0,018793914;;;;;;;;0,018793914
13/06/2023;BM03;1;log;330;2,85;2,094395102;-1,43;2,47;yes;"40; 41";yes;"39; 40; 41";3;≤ 3 years;Corylus avellana;;;;3,44;;;;;;;;3,44;26,2;;;;;;;;26,2;0,02287858;;;;;;;;0,02287858
13/06/2023;BM03;2;log;82;2,85;0,13962634;2,82;0,4;yes;"88; 402";yes;"86; 88; 402";5;> 3 years;unidentified;;;très dégradé;7;;;;;;;;7;24,35;;;;;;;;24,35;0,044091808;;;;;;;;0,044091808
13/06/2023;BM03;3;log;40;5,78;0,872664626;3,72;4,43;yes;66;yes;66;4;> 3 years;unidentified;between 30% and 80% moss;1;recouvert partiellement;3,15;;;;;;;;3,15;21,15;;;;;;;;21,15;0,019318346;;;;;;;;0,019318346
13/06/2023;BM03;4;log;89;4,3;0,017453293;4,3;0,08;yes;"80; 82; 74";yes;"80; 82; 74";2;≤ 3 years;unidentified;;1;;5,34;0,33;1;;;;;;6,67;41,6;23;22,5;;;;;;29,03333333;0,072416675;0,001420697;0,00383696;;;;;;0,077674332
13/06/2023;BM03;5;log;110;14,85;5,934119457;13,95;-5,08;yes;152;yes;152;3;> 3 years;Quercus spp.;> 80% moss;;;2;;;;;;;;2;34,6;;;;;;;;34,6;0,019436201;;;;;;;;0,019436201
13/06/2023;BM03;6;log;111;13,1;5,916666164;12,23;-4,69;yes;152;yes;"152; 243";3;> 3 years;Quercus spp.;> 80% moss;;groupé avec 5;1,5;;;;;;;;1,5;25,2;;;;;;;;25,2;0,0068819;;;;;;;;0,0068819
13/06/2023;BM03;7;log;113;11,96;5,881759579;11,01;-4,67;yes;157;yes;157;3;> 3 years;Quercus spp.;> 80% moss;;groupé avec 5;1,85;;;;;;;;1,85;23,5;;;;;;;;23,5;0,009839811;;;;;;;;0,009839811
13/06/2023;BM03;8;log;111;13,52;5,916666164;12,62;-4,85;yes;152;yes;152;3;> 3 years;Quercus spp.;> 80% moss;;groupé avec 5, présence d'un dernier billon semblable mais non mesurable car sous le tas de bois;1,7;;;;;;;;1,7;27,05;;;;;;;;27,05;0,009838537;;;;;;;;0,009838537
13/06/2023;BM03;9;log;201;10,31;4,345869837;-3,69;-9,63;yes;"374; 375; 306; 307; 308; 309; 325; 336";yes;"374; 375; 306; 307; 308; 309; 325; 336";3;> 3 years;Sorbus aucuparia;;;;8,63;;;;;;;;8,63;37,4;;;;;;;;37,4;0,123114637;;;;;;;;0,123114637
13/06/2023;BM03;10;branches;214;15,95;4,118977035;-8,92;-13,22;yes;"305; 255";yes;"286; 305; 255";1;≤ 3 years;Quercus spp.;> 80% moss;2;;1,5;0,4;5;3,23;3,2;;;;13,33;77,3;43,35;63,2;29,8;177,6;;;;78,25;0,071922066;0,00606114;0,146202304;0,021809612;0,32993815;;;;0,575933272
13/06/2023;BM03;11;log;39;16,79;0,890117919;10,57;13,05;no;;no;;3;> 3 years;Quercus spp.;;;;2,7;;;;;;;;2,7;31,45;;;;;;;;31,45;0,021560267;;;;;;;;0,021560267
13/06/2023;BM03;12;log;28;15,29;1,082104136;7,18;13,5;no;;no;;2;≤ 3 years;Quercus spp.;;;;1,22;;;;;;;;1,22;27,05;;;;;;;;27,05;0,007628895;;;;;;;;0,007628895
13/06/2023;BM03;13;log;43;16,47;0,820304748;11,23;12,05;no;;no;;2;> 3 years;unidentified;;;;3,23;;;;;;;;3,23;26,5;;;;;;;;26,5;0,016908402;;;;;;;;0,016908402
13/06/2023;BM03;14;log;70;12,3;0,34906585;11,56;4,21;no;;yes;"109; 487";3;≤ 3 years;Sorbus aucuparia;;;;5,43;;;;;;;;5,43;29,05;;;;;;;;29,05;0,040958745;;;;;;;;0,040958745
13/06/2023;BM03;15;log;270;15,56;3,141592654;-15,56;0;yes;"14; 15; 16; 17";yes;"14; 15; 16; 17; 35";3;> 3 years;Sorbus aucuparia;;;;8,66;;;;;;;;8,66;41,6;;;;;;;;41,6;0,131639989;;;;;;;;0,131639989
13/06/2023;BM03;16;log;284;9,71;2,897246558;-9,42;2,35;yes;"638; 542";yes;"638; 542";3;> 3 years;Sorbus aucuparia;;;;1,56;;;;;;;;1,56;26,2;;;;;;;;26,2;0,007854615;;;;;;;;0,007854615
13/06/2023;BM03;17;log;280;10,61;2,967059728;-10,45;1,84;yes;179;yes;"179; 637";3;> 3 years;Sorbus aucuparia;;;;3,4;;;;;;;;3,4;22,8;;;;;;;;22,8;0,013949437;;;;;;;;0,013949437
13/06/2023;BM03;18;log;270;12,44;3,141592654;-12,44;0;yes;13;yes;"9; 13";3;> 3 years;Sorbus aucuparia;;;;2,97;;;;;;;;2,97;26,5;;;;;;;;26,5;0,016643241;;;;;;;;0,016643241
13/06/2023;BM03;19;log;290;13,07;2,792526803;-12,28;4,47;no;;yes;"19; 682";3;> 3 years;Sorbus aucuparia;;;;3;;;;;;;;3;22;;;;;;;;22;0,011460854;;;;;;;;0,011460854
13/06/2023;BM03;20;log;352;15,3;1,710422667;-2,13;15,15;yes;"627; 697; 577; 695; 581";yes;"627; 629; 697; 606; 577; 695; 581";3;> 3 years;Sorbus aucuparia;;1;;5,38;0,26;2;;;;;;7,64;42,4;32,1;25,2;;;;;;33,23333333;0,083055711;0,002137733;0,008340913;;;;;;0,093534357
14/06/2023;BM04;1;log;20;15,82;1,221730476;5,41;14,87;no;;yes;"605; 618";3;> 3 years;Quercus spp.;< 30% moss;;;1,5;;;;;;;;1,5;24,5;;;;;;;;24,5;0,00738845;;;;;;;;0,00738845
14/06/2023;BM04;2;log;20;17,9;1,221730476;6,12;16,82;no;;yes;"468; 598";4;> 3 years;Quercus spp.;< 30% moss;;;1,5;;;;;;;;1,5;30,4;;;;;;;;30,4;0,009169274;;;;;;;;0,009169274
14/06/2023;BM04;3;log;29;15,64;1,064650844;7,58;13,68;yes;"539; 554";yes;"539; 554";3;> 3 years;Quercus spp.;< 30% moss;;;5,5;;;;;;;;5,5;46,35;;;;;;;;46,35;0,076717656;;;;;;;;0,076717656
14/06/2023;BM04;4;log;31;19,27;1,029744259;9,92;16,52;yes;531;yes;"592; 531";4;> 3 years;Sorbus aucuparia;< 30% moss;1;en majorité dans la placette;4,6;1,5;;;;;;;6,1;43,5;21,25;;;;;;;32,375;0,070597523;0,006100794;;;;;;;0,076698317
14/06/2023;BM04;5;log;39;13,87;0,890117919;8,73;10,78;yes;535;yes;535;4;> 3 years;Sorbus aucuparia;;;;2,68;;;;;;;;2,68;24,35;;;;;;;;24,35;0,014654921;;;;;;;;0,014654921
14/06/2023;BM04;6;log;50;13,87;0,698131701;10,63;8,92;yes;"617; 305";yes;"617; 305";4;> 3 years;unidentified;;1;;0,22;1;1,33;;;;;;2,55;44;28,3;20,4;;;;;;30,9;0,003412525;0,007203008;0,005501899;;;;;;0,016117432
14/06/2023;BM04;7;log;40;3,64;0,872664626;2,34;2,79;no;;yes;"547; 563";3;> 3 years;unidentified;> 80% moss;;à moitié sous la litière;5;;;;;;;;5;29,05;;;;;;;;29,05;0,028586827;;;;;;;;0,028586827
14/06/2023;BM04;8;log;62;14,85;0,488692191;13,11;6,97;no;;no;;2;≤ 3 years;unidentified;;;;1,18;;;;;;;;1,18;22,7;;;;;;;;22,7;0,005088858;;;;;;;;0,005088858
14/06/2023;BM04;9;log;111;5,75;5,916666164;5,37;-2,06;no;;yes;126;3;> 3 years;unidentified;between 30% and 80% moss;;branches, petites fourches;3,3;;;;;;;;3,3;33,95;;;;;;;;33,95;0,025837102;;;;;;;;0,025837102
14/06/2023;BM04;10;log;92;5,54;6,248278722;5,54;-0,19;yes;174;yes;174;3;> 3 years;unidentified;> 80% moss;;;2,46;;;;;;;;2,46;24,05;;;;;;;;24,05;0,010894472;;;;;;;;0,010894472
14/06/2023;BM04;11;log;118;6,02;5,794493117;5,32;-2,83;yes;170;yes;170;3;> 3 years;unidentified;< 30% moss;1;;0,9;1;2;;;;;;3,9;62,05;49,2;38;;;;;;49,75;0,028247766;0,015602861;0,022347423;;;;;;0,06619805
14/06/2023;BM04;12;log;172;5,89;4,852015321;0,82;-5,83;yes;"63; 65; 66";yes;"63; 65; 66";3;> 3 years;unidentified;< 30% moss;;;6;1,3;0,54;1,23;2,82;;;;11,89;56,8;30,75;20,75;33;22,5;;;;32,76;0,171309089;0,01095238;0,001851012;0,010798829;0,010951346;;;;0,205862656
14/06/2023;BM04;13;log;108;7,56;5,969026042;7,19;-2,34;yes;172;yes;172;3;> 3 years;unidentified;between 30% and 80% moss;;;1,87;;;;;;;;1,87;32,2;;;;;;;;32,2;0,014296011;;;;;;;;0,014296011
14/06/2023;BM04;14;log;111;9,22;5,916666164;8,61;-3,3;yes;165;yes;"165; 173";4;> 3 years;unidentified;between 30% and 80% moss;;;2,81;;;;;;;;2,81;24;;;;;;;;24;0,013345427;;;;;;;;0,013345427
14/06/2023;BM04;15;log;137;9,62;5,462880559;6,56;-7,04;yes;121;yes;121;4;> 3 years;Quercus spp.;;;;0,43;1,4;1,5;;;;;;3,33;67,55;36,9;26,7;;;;;;43,71666667;0,015842201;0,015489872;0,008983541;;;;;;0,040315614
14/06/2023;BM04;16;log;135;8,8;5,497787144;6,22;-6,22;yes;"120; 123";yes;"120; 122; 123";3;> 3 years;unidentified;;;;4,5;;;;;;;;4,5;24,75;;;;;;;;24,75;0,023834474;;;;;;;;0,023834474
14/06/2023;BM04;17;log;142;12,82;5,375614096;7,89;-10,1;yes;168;yes;"150; 168";3;> 3 years;unidentified;> 80% moss;1;fourche avec le brin principal partant vers le haut;2;6,3;;;;;;;8,3;27;52,35;;;;;;;39,675;0,009413736;0,137525916;;;;;;;0,146939652
14/06/2023;BM04;18;log;126;12,5;5,654866776;10,11;-7,35;no;;no;;3;> 3 years;unidentified;> 80% moss;;;1,5;;;;;;;;1,5;22,6;;;;;;;;22,6;0,006468932;;;;;;;;0,006468932
14/06/2023;BM04;19;log;113;11,69;5,881759579;10,76;-4,57;yes;167;yes;167;4;> 3 years;unidentified;between 30% and 80% moss;;;1;;;;;;;;1;37,9;;;;;;;;37,9;0,009162179;;;;;;;;0,009162179
14/06/2023;BM04;20;log;142;9,41;5,375614096;5,79;-7,42;no;;no;;3;> 3 years;unidentified;;;;1,5;;;;;;;;1,5;22,1;;;;;;;;22,1;0,00568528;;;;;;;;0,00568528
14/06/2023;BM04;21;log;205;16,6;4,276056667;-7,02;-15,04;yes;"376; 594; 379; 720; 718; 17";yes;"376; 594; 379; 720; 718; 17";4;> 3 years;unidentified;;;;8,5;;;;;;;;8,5;133,5;;;;;;;;133,5;1,314806492;;;;;;;;1,314806492
14/06/2023;BM04;22;log;195;12,36;4,450589593;-3,2;-11,94;no;;yes;615;3;> 3 years;unidentified;< 30% moss;;dans un tas de bois;1,08;;;;;;;;1,08;40,5;;;;;;;;40,5;0,015000292;;;;;;;;0,015000292
14/06/2023;BM04;23;log;196;12,83;4,4331363;-3,54;-12,33;yes;641;yes;"641; 715";3;> 3 years;unidentified;< 30% moss;;dans un tas de bois;1,4;;;;;;;;1,4;38,75;;;;;;;;38,75;0,013020689;;;;;;;;0,013020689
14/06/2023;BM04;24;log;190;12,25;4,537856055;-2,13;-12,06;no;;no;;3;> 3 years;unidentified;< 30% moss;;dans un tas de bois;1,5;;;;;;;;1,5;22,9;;;;;;;;22,9;0,006201061;;;;;;;;0,006201061
19/06/2023;BM05;1;log;92;10,7;6,248278722;10,69;-0,37;yes;"314; 317; 318; 349; 347; 326";yes;"316; 314; 319; 317; 321; 318; 349; 347; 326";2;≤ 3 years;Quercus spp.;< 30% moss;;;10;;;;;;;;10;66,6;;;;;;;;66,6;0,296240149;;;;;;;;0,296240149
19/06/2023;BM05;2;log;76;12,52;0,244346095;12,15;3,03;yes;1601;yes;"1601; 312";2;≤ 3 years;Quercus spp.;< 30% moss;;branche détachée de 1;2,12;;;;;;;;2,12;21,45;;;;;;;;21,45;0,008402504;;;;;;;;0,008402504
19/06/2023;BM05;3;log;93;9,35;6,23082543;9,34;-0,49;no;;yes;"490; 487; 484";1;fresh;Corylus avellana;;;avec d'autres petits billons de noisetiers;5;;;;;;;;5;23,9;;;;;;;;23,9;0,023371877;;;;;;;;0,023371877
19/06/2023;BM05;4;log;97;13,35;6,16101226;13,25;-1,63;yes;514;yes;514;2;≤ 3 years;Quercus spp.;;;;2,18;;;;;;;;2,18;30,65;;;;;;;;30,65;0,013989142;;;;;;;;0,013989142
19/06/2023;BM05;5;log;96;16,91;6,178465552;16,82;-1,77;no;;no;;4;> 3 years;unidentified;> 80% moss;;;1;;;;;;;;1;42,4;;;;;;;;42,4;0,019929223;;;;;;;;0,019929223
19/06/2023;BM05;6;log;96;17,17;6,178465552;17,08;-1,79;yes;456;yes;"453; 456";4;> 3 years;unidentified;> 80% moss;;;1,5;;;;;;;;1,5;36,3;;;;;;;;36,3;0,01807906;;;;;;;;0,01807906
19/06/2023;BM05;7;log;121;10,14;5,742133239;8,69;-5,22;yes;455;yes;455;4;> 3 years;unidentified;;;décomposé de l'intérieur mais présence d'écorce;6;;;;;;;;6;22,9;;;;;;;;22,9;0,030734889;;;;;;;;0,030734889
19/06/2023;BM05;8;log;97;8,83;6,16101226;8,76;-1,08;yes;516;yes;"488; 516";1;≤ 3 years;Corylus avellana;;;;7;;;;;;;;7;21,65;;;;;;;;21,65;0,028620091;;;;;;;;0,028620091
19/06/2023;BM05;9;log;97;8,83;6,16101226;8,76;-1,08;no;;no;;1;≤ 3 years;Corylus avellana;;;;4;;;;;;;;4;22;;;;;;;;22;0,01558737;;;;;;;;0,01558737
19/06/2023;BM05;10;log;271;15,08;3,124139361;-15,08;0,26;yes;112;yes;112;3;> 3 years;unidentified;between 30% and 80% moss;;recouvert par la végétation;7,7;;;;;;;;7,7;29,65;;;;;;;;29,65;0,050836932;;;;;;;;0,050836932
19/06/2023;BM05;11;log;288;8;2,827433388;-7,61;2,47;yes;227;yes;227;3;> 3 years;Corylus avellana;;;;3,42;;;;;;;;3,42;27,2;;;;;;;;27,2;0,019101058;;;;;;;;0,019101058
20/06/2023;BM06;1;log;144;2,47;5,340707511;1,45;-2;no;;no;;4;> 3 years;unidentified;between 30% and 80% moss;;sous la litière;4;;;;;;;;4;15,1;;;;;;;;15,1;0,018158956;;;;;;;;0,018158956
20/06/2023;BM06;2;log;47;0,9;0,750491578;0,66;0,61;yes;480;yes;480;4;> 3 years;unidentified;between 30% and 80% moss;;sous la litière;2;;;;;;;;2;22;;;;;;;;22;0,007925067;;;;;;;;0,007925067
20/06/2023;BM06;3;log;350;9,91;1,745329252;-1,72;9,76;no;;no;;4;> 3 years;unidentified;between 30% and 80% moss;;sous la litière;1;;;;;;;;1;20;;;;;;;;20;0,004444561;;;;;;;;0,004444561
20/06/2023;BM06;4;log;130;6,21;5,585053606;4,76;-3,99;no;;yes;504;4;> 3 years;unidentified;;;;1;;;;;;;;1;26;;;;;;;;26;0,006152996;;;;;;;;0,006152996
20/06/2023;BM06;5;tree;122;9,41;5,724679947;7,98;-4,99;yes;"79; 89; 90; 92; 78; 613; 100";yes;"79; 85; 87; 88; 89; 90; 92; 80; 84; 78; 611; 612; 613; 100";4;> 3 years;Quercus spp.;;3;toujours de l'écorce mais décomposé de l'intérieur;13;2,5;2,5;1;2;;;;21;98,95;42,4;35,25;28,3;22;;;;45,38;1,076468384;0,047322759;0,029790994;0,004169833;0,008596821;;;;1,16634879
20/06/2023;BM06;6;log;74;12,75;0,27925268;12,26;3,51;no;;yes;"5; 11";3;> 3 years;Quercus spp.;;;;2,3;;;;;;;;2,3;28,65;;;;;;;;28,65;0,01816021;;;;;;;;0,01816021
20/06/2023;BM06;7;bough;80;16,16;0,174532925;15,91;2,81;yes;"124; 115";yes;"124; 115";1;fresh;Quercus spp.;> 80% moss;1;recouvre 5;4,7;1,5;3,62;;;;;;9,82;63,25;33,25;37,7;;;;;;44,73333333;0,171524797;0,017920847;0,041580927;;;;;;0,23102657
20/06/2023;BM06;8;windfall;95;11,4;6,195918845;11,36;-0,99;yes;589;yes;"589; 833";1;fresh;Betula pubescens;;;déraciné, rejets, feuilles vertes;4;;;;;;;;4;24;;;;;;;;24;0,019071232;;;;;;;;0,019071232
20/06/2023;BM06;9;log;90;15,18;0;15,18;0;no;;yes;184;3;> 3 years;Quercus spp.;;;;1,33;;;;;;;;1,33;32,2;;;;;;;;32,2;0,009544039;;;;;;;;0,009544039
20/06/2023;BM06;10;log;112;14,12;5,899212872;13,09;-5,29;yes;179;yes;"179; 184";3;> 3 years;Quercus spp.;> 80% moss;;;2,5;;;;;;;;2,5;22,85;;;;;;;;22,85;0,011781776;;;;;;;;0,011781776
20/06/2023;BM06;11;log;116;13,63;5,829399702;12,25;-5,97;yes;"585; 586; 557; 558";yes;"661; 585; 586; 582; 557; 558";3;> 3 years;Quercus spp.;> 80% moss;;;4;;;;;;;;4;20,5;;;;;;;;20,5;0,016775859;;;;;;;;0,016775859
20/06/2023;BM06;12;log;116;18,85;5,829399702;16,94;-8,26;yes;696;yes;696;2;≤ 3 years;Quercus spp.;;;en majorité dans la placette;2;;;;;;;;2;43,5;;;;;;;;43,5;0,026910568;;;;;;;;0,026910568
20/06/2023;BM06;13;log;150;15,73;5,235987756;7,87;-13,62;yes;515;yes;"512; 515";4;> 3 years;Corylus avellana;;;toujours de l'écorce;2;;;;;;;;2;22,4;;;;;;;;22,4;0,009270073;;;;;;;;0,009270073
20/06/2023;BM06;14;log;146;15,83;5,305800926;8,85;-13,12;yes;"519; 516";yes;"519; 514; 516";2;≤ 3 years;Corylus avellana;;;;2,25;;;;;;;;2,25;23,75;;;;;;;;23,75;0,009958351;;;;;;;;0,009958351
20/06/2023;BM06;15;log;187;8;4,590215933;-0,97;-7,94;yes;487;yes;487;2;≤ 3 years;Corylus avellana;;;;1;;;;;;;;1;20,9;;;;;;;;20,9;0,003288433;;;;;;;;0,003288433
20/06/2023;BM06;16;log;170;13,25;4,886921906;2,3;-13,05;yes;483;yes;483;4;> 3 years;Corylus avellana;;;toujours de l'écorce;2;;;;;;;;2;21,8;;;;;;;;21,8;0,007447165;;;;;;;;0,007447165
20/06/2023;BM06;17;log;165;15,08;4,974188368;3,9;-14,57;no;;no;;4;> 3 years;Corylus avellana;> 80% moss;;;3,54;;;;;;;;3,54;23,65;;;;;;;;23,65;0,015396454;;;;;;;;0,015396454
20/06/2023;BM06;18;log;196;16,18;4,4331363;-4,46;-15,55;yes;"393; 462";yes;"393; 394; 462; 1295";3;> 3 years;Quercus spp.;> 80% moss;;;3,85;;;;;;;;3,85;47,1;;;;;;;;47,1;0,057497286;;;;;;;;0,057497286
20/06/2023;BM06;19;log;249;13,68;3,508111797;-12,77;-4,9;yes;"950; 1168";yes;"950; 1168";3;> 3 years;Quercus spp.;> 80% moss;;dans un tas, à moitié sous la litière;1;;;;;;;;1;23,5;;;;;;;;23,5;0,004352225;;;;;;;;0,004352225
20/06/2023;BM06;20;log;239;12,87;3,682644722;-11,03;-6,63;yes;"410; 369";yes;"410; 369";3;> 3 years;Quercus spp.;> 80% moss;;dans un tas, à moitié sous la litière;1,5;;;;;;;;1,5;21,35;;;;;;;;21,35;0,006072451;;;;;;;;0,006072451
21/06/2023;BM07;1;log;59;17;0,541052068;14,57;8,76;yes;188;yes;188;3;> 3 years;Quercus spp.;> 80% moss;;;3,7;;;;;;;;3,7;40,1;;;;;;;;40,1;0,059513683;;;;;;;;0,059513683
21/06/2023;BM07;2;log;56;13,24;0,593411946;10,98;7,4;no;;yes;261;3;> 3 years;Quercus spp.;> 80% moss;;;1;;;;;;;;1;22,5;;;;;;;;22,5;0,003382096;;;;;;;;0,003382096
21/06/2023;BM07;3;log;65;9,56;0,436332313;8,66;4,04;yes;"195; 264";yes;"195; 264";4;> 3 years;Betula spp.;;;encore de l'écorce;2,5;;;;;;;;2,5;34,95;;;;;;;;34,95;0,022431019;;;;;;;;0,022431019
21/06/2023;BM07;4;log;78;13,6;0,20943951;13,3;2,83;yes;536;yes;536;3;> 3 years;Betula spp.;;;;1,25;;;;;;;;1,25;23,47;;;;;;;;23,47;0,005432372;;;;;;;;0,005432372
21/06/2023;BM07;5;log;98;12,06;6,143558967;11,94;-1,68;no;;yes;220;3;> 3 years;Quercus spp.;;;;1,5;;;;;;;;1,5;30,4;;;;;;;;30,4;0,01143259;;;;;;;;0,01143259
21/06/2023;BM07;6;log;101;15,11;6,091199089;14,83;-2,88;yes;822;yes;822;4;> 3 years;Betula spp.;;;;1,3;;;;;;;;1,3;25,5;;;;;;;;25,5;0,005669327;;;;;;;;0,005669327
21/06/2023;BM07;7;log;107;16,45;5,986479334;15,73;-4,81;no;;yes;217;4;> 3 years;Quercus spp.;between 30% and 80% moss;;;2;;;;;;;;2;30,8;;;;;;;;30,8;0,012881166;;;;;;;;0,012881166
21/06/2023;BM07;8;log;115;17,88;5,846852994;16,2;-7,56;no;;yes;234;2;≤ 3 years;Quercus spp.;;1;doute sur le fait qu'il soit en majorité dans la placette;1,7;2;1;;;;;;4,7;42,65;26;25,5;;;;;;31,38333333;0,023544714;0,012355888;0,006004969;;;;;;0,041905571
21/06/2023;BM07;9;log;111;15,03;5,916666164;14,03;-5,39;yes;222;yes;222;1;fresh;Carpinus betulus;;;dans un tas de bois;2;;;;;;;;2;26,8;;;;;;;;26,8;0,012379894;;;;;;;;0,012379894
21/06/2023;BM07;10;log;111;15,03;5,916666164;14,03;-5,39;yes;222;yes;222;1;fresh;Carpinus betulus;;;dans un tas de bois;2,1;;;;;;;;2,1;50,6;;;;;;;;50,6;0,047531406;;;;;;;;0,047531406
21/06/2023;BM07;11;log;111;15,03;5,916666164;14,03;-5,39;yes;222;yes;222;1;fresh;Carpinus betulus;;;dans un tas de bois;2,08;;;;;;;;2,08;43,25;;;;;;;;43,25;0,033001505;;;;;;;;0,033001505
21/06/2023;BM07;12;log;111;15,03;5,916666164;14,03;-5,39;yes;222;yes;222;1;fresh;Carpinus betulus;;;dans un tas de bois;2,2;;;;;;;;2,2;41,35;;;;;;;;41,35;0,033596018;;;;;;;;0,033596018
21/06/2023;BM07;13;log;111;15,03;5,916666164;14,03;-5,39;yes;222;yes;222;1;fresh;Carpinus betulus;;;dans un tas de bois;2,3;;;;;;;;2,3;41,05;;;;;;;;41,05;0,027646956;;;;;;;;0,027646956
21/06/2023;BM07;14;log;111;15,03;5,916666164;14,03;-5,39;yes;222;yes;222;1;fresh;Carpinus betulus;;;dans un tas de bois;2;;;;;;;;2;26,3;;;;;;;;26,3;0,011261565;;;;;;;;0,011261565
21/06/2023;BM07;15;log;114;17,26;5,864306287;15,77;-7,02;yes;"272; 273";yes;"272; 273";1;≤ 3 years;unidentified;between 30% and 80% moss;;à moitié sous la litière;1,75;;;;;;;;1,75;53,75;;;;;;;;53,75;0,041935338;;;;;;;;0,041935338
21/06/2023;BM07;16;log;111;15,03;5,916666164;14,03;-5,39;no;;no;;1;fresh;Carpinus betulus;;;dans un tas de bois;2,95;;;;;;;;2,95;23,75;;;;;;;;23,75;0,013620266;;;;;;;;0,013620266
21/06/2023;BM07;17;log;153;2,93;5,183627878;1,33;-2,61;no;;yes;"58; 59";2;≤ 3 years;Quercus spp.;> 80% moss;;;3,45;;;;;;;;3,45;28,15;;;;;;;;28,15;0,018239625;;;;;;;;0,018239625
21/06/2023;BM07;18;tree;199;5,18;4,380776423;-1,69;-4,9;yes;"18; 484; 503; 766; 753";yes;"18; 481; 484; 483; 503; 897; 766; 753";3;> 3 years;Quercus spp.;between 30% and 80% moss;3;en majorité dans la placette, écrase un charme au sol mais vivant;8;4,3;3;2;3,7;2,75;3;2;28,75;130;89,55;56,9;42;52;37;29;62,8;62,40625;1,253517595;0,348220559;0,077687414;0,020069226;0,087959101;0,030310562;0,022979321;0,08508166;1,925825437
21/06/2023;BM07;19;log;263;14,17;3,263765701;-14,06;-1,73;yes;"124; 125; 372";yes;"124; 125; 372";3;> 3 years;Quercus spp.;> 80% moss;;;3,33;;;;;;;;3,33;30,6;;;;;;;;30,6;0,023755706;;;;;;;;0,023755706
21/06/2023;BM07;20;crown;322;18;2,234021443;-11,08;14,18;yes;"858; 913; 914; 528";yes;"172; 651; 783; 838; 858; 913; 916; 914; 528; 317";1;fresh;Quercus spp.;;;en majorité dans la placette, s'étend sur plusieurs mètres;;;;;;;;;0;;;;;;;;;;0,35;;;;;;;;0,35
21/06/2023;BM08;1;log;3;2,58;1,518436449;0,14;2,58;yes;549;yes;"5; 549";1;≤ 3 years;Quercus spp.;< 30% moss;;proche d'un arbre déraciné, vivant, passant par le centre de la placette;3;;;;;;;;3;24,9;;;;;;;;24,9;0,018473194;;;;;;;;0,018473194
21/06/2023;BM08;2;log;323;4,24;2,21656815;-2,55;3,39;yes;534;yes;534;4;> 3 years;Quercus spp.;;;;3;;;;;;;;3;31,4;;;;;;;;31,4;0,017948579;;;;;;;;0,017948579
21/06/2023;BM08;3;log;0;2,46;1,570796327;0;2,46;yes;548;yes;548;3;> 3 years;Quercus spp.;;;collé à 1;1,5;;;;;;;;1,5;21,2;;;;;;;;21,2;0,005388867;;;;;;;;0,005388867
21/06/2023;BM08;4;log;1;5,43;1,553343034;0,09;5,43;no;;no;;1;≤ 3 years;Quercus spp.;> 80% moss;;dans un tas de bois;3;;;;;;;;3;44,7;;;;;;;;44,7;0,044538211;;;;;;;;0,044538211
21/06/2023;BM08;5;log;1;5,43;1,553343034;0,09;5,43;no;;no;;1;≤ 3 years;Quercus spp.;< 30% moss;;dans un tas de bois;1,92;;;;;;;;1,92;57;;;;;;;;57;0,046580736;;;;;;;;0,046580736
21/06/2023;BM08;6;log;1;5,43;1,553343034;0,09;5,43;no;;no;;1;≤ 3 years;Quercus spp.;> 80% moss;;dans un tas de bois;2,18;;;;;;;;2,18;47,15;;;;;;;;47,15;0,035315025;;;;;;;;0,035315025
21/06/2023;BM08;7;log;1;5,43;1,553343034;0,09;5,43;no;;no;;2;≤ 3 years;Quercus spp.;> 80% moss;;dans un tas de bois;1,8;;;;;;;;1,8;36,6;;;;;;;;36,6;0,017518943;;;;;;;;0,017518943
21/06/2023;BM08;8;crown_branch;0;7,44;1,570796327;0;7,44;no;;no;;1;≤ 3 years;Quercus spp.;;;fourche mais brin < 1 m;1,44;;;;;;;;1,44;27,45;;;;;;;;27,45;0,010164705;;;;;;;;0,010164705
21/06/2023;BM08;9;crown_branch;358;7,39;1,605702912;-0,26;7,39;no;;yes;568;1;≤ 3 years;Quercus spp.;> 80% moss;;;1;;;;;;;;1;49;;;;;;;;49;0,018482133;;;;;;;;0,018482133
21/06/2023;BM08;10;crown_branch;6;8,44;1,466076572;0,88;8,39;no;;yes;"561; 562; 630";1;≤ 3 years;Quercus spp.;> 80% moss;;;2,45;;;;;;;;2,45;29,9;;;;;;;;29,9;0,014580172;;;;;;;;0,014580172
21/06/2023;BM08;11;crown_branch;352;6,26;1,710422667;-0,87;6,2;yes;"553; 580; 581; 582; 585; 587; 588; 590; 692";yes;"553; 609; 580; 581; 582; 583; 585; 586; 587; 588; 590; 692";1;≤ 3 years;Quercus spp.;> 80% moss;1;plusieurs coupures, billons accolés;6;3;3,4;;;;;;12,4;61,3;23,7;26,95;;;;;;37,31666667;0,224298971;0,014062957;0,022571264;;;;;;0,260933192
21/06/2023;BM08;12;crown_branch;359;10,11;1,588249619;-0,18;10,11;yes;567;yes;567;1;≤ 3 years;Quercus spp.;between 30% and 80% moss;;sur 11;3;;;;;;;;3;31,4;;;;;;;;31,4;0,025255436;;;;;;;;0,025255436
21/06/2023;BM08;13;crown_branch;359;10,11;1,588249619;-0,18;10,11;yes;655;yes;655;1;≤ 3 years;Quercus spp.;between 30% and 80% moss;;;3;;;;;;;;3;24,8;;;;;;;;24,8;0,018243944;;;;;;;;0,018243944
21/06/2023;BM08;14;crown_branch;347;6,44;1,79768913;-1,45;6,27;yes;544;yes;544;1;≤ 3 years;Quercus spp.;between 30% and 80% moss;;dans un tas de bois;1;;;;;;;;1;41,2;;;;;;;;41,2;0,014844925;;;;;;;;0,014844925
21/06/2023;BM08;15;crown_branch;335;5,97;2,00712864;-2,52;5,41;no;;yes;531;1;≤ 3 years;Quercus spp.;between 30% and 80% moss;;;3,15;;;;;;;;3,15;25,25;;;;;;;;25,25;0,019470643;;;;;;;;0,019470643
21/06/2023;BM08;16;crown_branch;0;6,2;1,570796327;0;6,2;yes;"552; 542; 541; 540";yes;"552; 593; 542; 541; 540";1;≤ 3 years;Quercus spp.;;;autre brin issu d'une fourche au début de 11 (coupure entre 11 et 16);10;;;;;;;;10;59,7;;;;;;;;59,7;0,274575514;;;;;;;;0,274575514
21/06/2023;BM08;17;crown_branch;0;6,2;1,570796327;0;6,2;yes;"569; 632; 571; 572; 573";yes;"569; 652; 632; 633; 571; 572; 573; 566; 606";1;≤ 3 years;Quercus spp.;< 30% moss;;2 coupures;10,38;;;;;;;;10,38;47,9;;;;;;;;47,9;0,251779566;;;;;;;;0,251779566
21/06/2023;BM08;18;crown_branch;351;11,72;1,727875959;-1,83;11,58;yes;"550; 551; 618";yes;"593; 550; 551; 618";1;≤ 3 years;Quercus spp.;;;;4;;;;;;;;4;35,2;;;;;;;;35,2;0,031663186;;;;;;;;0,031663186
21/06/2023;BM08;19;crown_branch;347;8,15;1,79768913;-1,83;7,94;yes;552;yes;552;1;≤ 3 years;Quercus spp.;< 30% moss;;;1,35;;;;;;;;1,35;42,95;;;;;;;;42,95;0,021194536;;;;;;;;0,021194536
21/06/2023;BM08;20;crown_branch;344;9,74;1,850049007;-2,68;9,36;yes;"514; 508; 521";yes;"514; 508; 525; 521";1;≤ 3 years;Quercus spp.;< 30% moss;;;3,5;;;;;;;;3,5;25,45;;;;;;;;25,45;0,021834122;;;;;;;;0,021834122
21/06/2023;BM08;21;crown_branch;344;9,73;1,850049007;-2,68;9,35;yes;522;yes;522;1;≤ 3 years;Quercus spp.;;;;1;;;;;;;;1;22,8;;;;;;;;22,8;0,003550959;;;;;;;;0,003550959
21/06/2023;BM08;22;log;335;10,45;2,00712864;-4,42;9,47;yes;"528; 529; 510; 526; 219";yes;"528; 529; 492; 510; 526; 219; 145";4;> 3 years;Quercus spp.;;;sous la litière;2,55;;;;;;;;2,55;51,05;;;;;;;;51,05;0,052256699;;;;;;;;0,052256699
21/06/2023;BM08;23;crown_branch;343;10,61;1,8675023;-3,1;10,15;yes;"617; 595; 535; 509; 620";yes;"520; 539; 617; 595; 535; 594; 509; 515; 516; 620";1;≤ 3 years;Quercus spp.;< 30% moss;;;1;1,56;1,05;1;1,5;;;;6,11;53,1;34,5;27,5;21,7;23,1;;;;31,98;0,021505997;0,017415887;0,004984804;0,004692498;0,009853694;;;;0,058452881
21/06/2023;BM08;24;crown_branch;15;6,58;1,308996939;1,7;6,36;no;;no;;1;≤ 3 years;Quercus spp.;between 30% and 80% moss;;;1;;;;;;;;1;22,5;;;;;;;;22,5;0,004060653;;;;;;;;0,004060653
21/06/2023;BM08;25;log;19;10,96;1,239183769;3,57;10,36;no;;no;;2;≤ 3 years;Carpinus betulus;;;;2,95;;;;;;;;2,95;21,9;;;;;;;;21,9;0,011834748;;;;;;;;0,011834748
21/06/2023;BM08;26;log;356;11,86;1,640609497;-0,83;11,83;no;;no;;3;> 3 years;Sorbus aucuparia;between 30% and 80% moss;;à moitié sous la litière;10;;;;;;;;10;69,1;;;;;;;;69,1;0,34738898;;;;;;;;0,34738898
21/06/2023;BM08;27;log;21;15,62;1,204277184;5,6;14,58;yes;"651; 672";yes;"651; 672";1;fresh;Carpinus betulus;;;tas de branches;1,18;;;;;;;;1,18;27,6;;;;;;;;27,6;0,007585199;;;;;;;;0,007585199
21/06/2023;BM08;28;log;41;14,69;0,855211333;9,64;11,09;no;;no;;2;≤ 3 years;Tilia spp.;;;;1,27;;;;;;;;1,27;22,75;;;;;;;;22,75;0,005574765;;;;;;;;0,005574765
21/06/2023;BM08;29;crown;49;17,3;0,715584993;13,06;11,35;no;;yes;"438; 148; 461; 239";1;fresh;Quercus spp.;;;;;;;;;;;;0;;;;;;;;;;0,175;;;;;;;;0,175
21/06/2023;BM08;30;log;81;9,58;0,157079633;9,46;1,5;no;;yes;223;1;≤ 3 years;Carpinus betulus;;;;1,5;;;;;;;;1,5;22,8;;;;;;;;22,8;0,006272734;;;;;;;;0,006272734
21/06/2023;BM08;31;log;135;12,25;5,497787144;8,66;-8,66;yes;89;yes;89;2;≤ 3 years;Corylus avellana;;;;1;;;;;;;;1;23,7;;;;;;;;23,7;0,004127816;;;;;;;;0,004127816
21/06/2023;BM08;32;log;148;14,71;5,270894341;7,8;-12,47;yes;98;yes;"98; 100";3;> 3 years;Sorbus aucuparia;;;;5,45;;;;;;;;5,45;41,1;;;;;;;;41,1;0,088725256;;;;;;;;0,088725256
21/06/2023;BM08;33;log;150;16,15;5,235987756;8,08;-13,99;yes;"412; 413";yes;"412; 413";1;≤ 3 years;Quercus spp.;< 30% moss;;fourche mais brins trop petits;1;;;;;;;;1;21,2;;;;;;;;21,2;0,003880052;;;;;;;;0,003880052
21/06/2023;BM08;34;log;152;7,45;5,201081171;3,5;-6,58;yes;285;yes;285;2;≤ 3 years;Corylus avellana;;;;2;;;;;;;;2;20,9;;;;;;;;20,9;0,006822813;;;;;;;;0,006822813
21/06/2023;BM08;35;log;157;8,05;5,113814708;3,15;-7,41;yes;1;yes;1;1;fresh;Corylus avellana;;;avec un tronc vivant, couché, dirigé vers le houppier de Quercus spp. (nord);2;;;;;;;;2;20,6;;;;;;;;20,6;0,00752523;;;;;;;;0,00752523
21/06/2023;BM08;36;log;157;8,05;5,113814708;3,15;-7,41;yes;2;yes;2;1;fresh;Corylus avellana;;;;4,4;;;;;;;;4,4;22,35;;;;;;;;22,35;0,019064688;;;;;;;;0,019064688
21/06/2023;BM08;37;log;193;7,57;4,485496178;-1,7;-7,38;yes;"381; 391";yes;"381; 391";2;≤ 3 years;Carpinus betulus;;;;1,5;;;;;;;;1,5;21;;;;;;;;21;0,005093754;;;;;;;;0,005093754
21/06/2023;BM08;38;log;188;9,37;4,57276264;-1,3;-9,28;yes;380;yes;380;3;> 3 years;unidentified;;;;2;;;;;;;;2;27,4;;;;;;;;27,4;0,009670997;;;;;;;;0,009670997
21/06/2023;BM08;39;log;191;11,56;4,520402763;-2,21;-11,35;no;;no;;2;≤ 3 years;unidentified;;;dans un petit tas;1;;;;;;;;1;30,2;;;;;;;;30,2;0,008741532;;;;;;;;0,008741532
21/06/2023;BM08;40;crown;200;13;4,36332313;-4,45;-12,22;yes;"277; 343; 340; 391";yes;"277; 278; 343; 361; 340; 391";1;fresh;Quercus spp.;;;position approximative;;;;;;;;;0;;;;;;;;;;0,175;;;;;;;;0,175
21/06/2023;BM08;41;log;209;13,39;4,206243497;-6,49;-11,71;yes;344;yes;344;1;≤ 3 years;Quercus spp.;;;;1;;;;;;;;1;25,7;;;;;;;;25,7;0,005742125;;;;;;;;0,005742125
21/06/2023;BM08;42;log;239;11,83;3,682644722;-10,14;-6,09;yes;179;yes;179;4;> 3 years;unidentified;;;incliné à 30° environ, moins dégradé au-dessus du sol;10;;;;;;;;10;41;;;;;;;;41;0,132075472;;;;;;;;0,132075472
21/06/2023;BM08;43;log;251;6,29;3,473205211;-5,95;-2,05;yes;103;yes;103;2;> 3 years;Corylus avellana;;;;1,3;;;;;;;;1,3;29,9;;;;;;;;29,9;0,01120932;;;;;;;;0,01120932
21/06/2023;BM08;44;log;303;17,3;2,565634;-14,51;9,42;no;;no;;3;> 3 years;unidentified;< 30% moss;;;2;;;;;;;;2;24,2;;;;;;;;24,2;0,010677851;;;;;;;;0,010677851
11/07/2023;BM09;1;log;102;10,14;6,073745797;9,92;-2,11;yes;32;yes;32;4;> 3 years;unidentified;;;;1,39;;;;;;;;1,39;22,5;;;;;;;;22,5;0,005556408;;;;;;;;0,005556408
11/07/2023;BM09;2;log;111;3,2;5,916666164;2,99;-1,15;yes;"550; 607";yes;"550; 607";1;≤ 3 years;Quercus spp.;;;;2;;;;;;;;2;23,3;;;;;;;;23,3;0,007614264;;;;;;;;0,007614264
11/07/2023;BM09;3;log;145;5,87;5,323254219;3,37;-4,81;yes;"239; 247; 251; 246; 245; 242";yes;"239; 247; 251; 246; 245; 242; 214; 233";1;≤ 3 years;Quercus spp.;;;tronc couché, base debout;18;;;;;;;;18;61,9;;;;;;;;61,9;0,539117462;;;;;;;;0,539117462
11/07/2023;BM09;4;log;190;6,98;4,537856055;-1,21;-6,87;no;;no;;4;> 3 years;unidentified;between 30% and 80% moss;;;1,185;;;;;;;;1,185;26,05;;;;;;;;26,05;0,007802721;;;;;;;;0,007802721
11/07/2023;BM09;5;log;216;6,42;4,08407045;-3,77;-5,19;yes;"428; 429";yes;"428; 429; 41";2;> 3 years;Quercus spp.;< 30% moss;;;4;;;;;;;;4;28,3;;;;;;;;28,3;0,026584181;;;;;;;;0,026584181
11/07/2023;BM09;6;log;259;17,7;3,333578871;-17,37;-3,38;no;;yes;287;2;> 3 years;Quercus spp.;between 30% and 80% moss;;;2;;;;;;;;2;27,3;;;;;;;;27,3;0,009462239;;;;;;;;0,009462239
11/07/2023;BM09;7;log;250;10,5;3,490658504;-9,87;-3,59;yes;"1003; 1004";yes;"1003; 1004";2;> 3 years;Quercus spp.;< 30% moss;;;3,45;;;;;;;;3,45;32,5;;;;;;;;32,5;0,026754846;;;;;;;;0,026754846
11/07/2023;BM09;8;log;262;13,36;3,281218994;-13,23;-1,86;no;;yes;725;2;> 3 years;Quercus spp.;between 30% and 80% moss;;;1,5;;;;;;;;1,5;22;;;;;;;;22;0,004859863;;;;;;;;0,004859863
11/07/2023;BM09;9;log;265;13,38;3,228859116;-13,33;-1,17;no;;yes;"73; 87";3;> 3 years;Quercus spp.;< 30% moss;;à moitié sous la litière;1,13;;;;;;;;1,13;25,2;;;;;;;;25,2;0,004871907;;;;;;;;0,004871907
11/07/2023;BM09;10;log;332;13,69;2,059488517;-6,43;12,09;no;;no;;5;> 3 years;Quercus spp.;;;à moitié sous la litière;1,5;;;;;;;;1,5;22,55;;;;;;;;22,55;0,005194605;;;;;;;;0,005194605
18/07/2023;BM10;1;log;305;0,57;2,530727415;-0,47;0,33;no;;no;;5;≤ 3 years;Betula spp.;;;à moitié sous la litière;1;;;;;;;;1;20,5;;;;;;;;20,5;0,00281439;;;;;;;;0,00281439
18/07/2023;BM10;2;log;345;1,59;1,832595715;-0,41;1,54;yes;76;yes;76;3;≤ 3 years;Betula spp.;< 30% moss;;à moitié sous la litière;1,5;;;;;;;;1,5;30,25;;;;;;;;30,25;0,01029202;;;;;;;;0,01029202
18/07/2023;BM10;3;log;5;5,04;1,483529864;0,44;5,02;no;;yes;63;5;≤ 3 years;Betula spp.;< 30% moss;;à moitié sous la litière;3;;;;;;;;3;21;;;;;;;;21;0,011376926;;;;;;;;0,011376926
18/07/2023;BM10;4;log;7;3,7;1,448623279;0,45;3,67;no;;yes;56;5;≤ 3 years;Betula spp.;< 30% moss;;à moitié sous la litière;1;;;;;;;;1;27;;;;;;;;27;0,005501456;;;;;;;;0,005501456
18/07/2023;BM10;5;log;12;4,32;1,361356817;0,9;4,23;no;;yes;56;5;≤ 3 years;Betula spp.;< 30% moss;;à moitié sous la litière;1;;;;;;;;1;20,8;;;;;;;;20,8;0,003725976;;;;;;;;0,003725976
18/07/2023;BM10;6;log;10;3,41;1,396263402;0,59;3,36;no;;yes;57;5;≤ 3 years;Betula spp.;> 80% moss;;à moitié sous la litière;1;;;;;;;;1;26,5;;;;;;;;26,5;0,00586722;;;;;;;;0,00586722
18/07/2023;BM10;7;log;25;6,94;1,134464014;2,93;6,29;yes;744;yes;744;5;≤ 3 years;Betula spp.;between 30% and 80% moss;;à moitié sous la litière;1,45;;;;;;;;1,45;22,7;;;;;;;;22,7;0,005520519;;;;;;;;0,005520519
18/07/2023;BM10;8;log;20;6,43;1,221730476;2,2;6,04;no;;yes;756;5;≤ 3 years;Betula spp.;< 30% moss;;à moitié sous la litière;1;;;;;;;;1;25,4;;;;;;;;25,4;0,004979215;;;;;;;;0,004979215
18/07/2023;BM10;9;log;31;6,53;1,029744259;3,36;5,6;yes;793;yes;"792; 793";5;≤ 3 years;Betula spp.;< 30% moss;;à moitié sous la litière;1,39;;;;;;;;1,39;25,45;;;;;;;;25,45;0,008221059;;;;;;;;0,008221059
18/07/2023;BM10;10;log;5;8,72;1,483529864;0,76;8,69;no;;yes;741;5;≤ 3 years;Betula spp.;< 30% moss;;à moitié sous la litière;1;;;;;;;;1;29,9;;;;;;;;29,9;0,008123374;;;;;;;;0,008123374
18/07/2023;BM10;11;log;0;6,12;1,570796327;0;6,12;no;;no;;5;≤ 3 years;Betula spp.;> 80% moss;;fourche à la base avec branche partant vers le haut;1;;;;;;;;1;26,1;;;;;;;;26,1;0,006219881;;;;;;;;0,006219881
18/07/2023;BM10;12;log;62;16,4;0,488692191;14,48;7,7;no;;no;;5;≤ 3 years;Betula spp.;;;à moitié sous la litière;1,55;;;;;;;;1,55;22,5;;;;;;;;22,5;0,00590719;;;;;;;;0,00590719
18/07/2023;BM10;13;log;74;11,46;0,27925268;11,02;3,16;yes;375;yes;375;5;≤ 3 years;Betula spp.;between 30% and 80% moss;;à moitié sous la litière;1,33;;;;;;;;1,33;30;;;;;;;;30;0,009195847;;;;;;;;0,009195847
18/07/2023;BM10;14;log;180;3,37;4,71238898;0;-3,37;no;;yes;61;5;≤ 3 years;Betula spp.;between 30% and 80% moss;;à moitié sous la litière;1,2;;;;;;;;1,2;25,85;;;;;;;;25,85;0,006322841;;;;;;;;0,006322841
18/07/2023;BM10;15;log;230;13,35;3,839724354;-10,23;-8,58;yes;"468; 617; 459";yes;"409; 469; 468; 617; 459; 424; 426";3;> 3 years;Quercus spp.;;1;;4,3;2;4,05;;;;;;10,35;87,2;47,1;35,4;;;;;;56,56666667;0,256404871;0,043736176;0,047325244;;;;;;0,347466291
18/07/2023;BM10;16;log;213;10,4;4,136430327;-5,66;-8,72;no;;no;;3;> 3 years;Quercus spp.;;;;1;;;;;;;;1;26,3;;;;;;;;26,3;0,005398111;;;;;;;;0,005398111
18/07/2023;BM10;17;log;232;13,6;3,804817769;-10,72;-8,37;no;;no;;3;> 3 years;Quercus spp.;between 30% and 80% moss;;un peu sous la litière;1;;;;;;;;1;25,9;;;;;;;;25,9;0,004800299;;;;;;;;0,004800299
18/07/2023;BM10;18;log;232;13,6;3,804817769;-10,72;-8,37;no;;no;;3;> 3 years;Quercus spp.;between 30% and 80% moss;;un peu sous la litière;1;;;;;;;;1;21;;;;;;;;21;0,003374814;;;;;;;;0,003374814
18/07/2023;BM10;19;log;232;13,73;3,804817769;-10,82;-8,45;yes;422;yes;"422; 305; 953";3;> 3 years;Quercus spp.;> 80% moss;;;4;;;;;;;;4;41,7;;;;;;;;41,7;0,036439055;;;;;;;;0,036439055
18/07/2023;BM10;20;log;235;15,75;3,752457892;-12,9;-9,03;no;;yes;"418; 419";3;> 3 years;Quercus spp.;;;;1,8;;;;;;;;1,8;28,15;;;;;;;;28,15;0,009463849;;;;;;;;0,009463849
18/07/2023;BM10;21;log;237;18,22;3,717551307;-15,28;-9,92;yes;573;yes;573;3;> 3 years;Quercus spp.;between 30% and 80% moss;;en majorité dans la placette;1,5;;;;;;;;1,5;24,45;;;;;;;;24,45;0,006341476;;;;;;;;0,006341476
18/07/2023;BM10;22;log;305;14;2,530727415;-11,47;8,03;yes;"176; 332; 358";yes;"176; 332; 358";1;fresh;Betula spp.;;;;3;;;;;;;;3;23,2;;;;;;;;23,2;0,015595646;;;;;;;;0,015595646
18/07/2023;BM10;23;log;315;10,63;2,35619449;-7,52;7,52;yes;195;yes;195;2;≤ 3 years;Betula spp.;;;;1;;;;;;;;1;21,2;;;;;;;;21,2;0,003932135;;;;;;;;0,003932135
18/07/2023;BM10;24;log;322;15,93;2,234021443;-9,81;12,55;yes;761;yes;"754; 761; 826";2;≤ 3 years;Betula spp.;;;;2;;;;;;;;2;22,1;;;;;;;;22,1;0,008135815;;;;;;;;0,008135815
18/07/2023;BM11;1;log;89;16,25;0,017453293;16,25;0,28;yes;510;yes;510;2;≤ 3 years;Quercus spp.;;;;2;;;;;;;;2;21,6;;;;;;;;21,6;0,00760307;;;;;;;;0,00760307
18/07/2023;BM11;2;log;102;15,68;6,073745797;15,34;-3,26;yes;368;yes;368;2;≤ 3 years;Quercus spp.;;;;2,5;;;;;;;;2,5;22,6;;;;;;;;22,6;0,00946013;;;;;;;;0,00946013
18/07/2023;BM11;3;log;205;9,6;4,276056667;-4,06;-8,7;no;;yes;"657; 658; 662";2;≤ 3 years;Betula spp.;;;;1,44;;;;;;;;1,44;21,2;;;;;;;;21,2;0,004519561;;;;;;;;0,004519561
18/07/2023;BM11;4;log;296;14,75;2,687807048;-13,26;6,47;yes;845;yes;"845; 180; 1365";3;> 3 years;unidentified;;;;4;;;;;;;;4;22,7;;;;;;;;22,7;0,01804199;;;;;;;;0,01804199
18/07/2023;BM11;5;log;314;14,87;2,373647783;-10,7;10,33;no;;no;;2;> 3 years;unidentified;;;;3,88;;;;;;;;3,88;24,1;;;;;;;;24,1;0,018260936;;;;;;;;0,018260936
18/07/2023;BM11;6;log;312;15,72;2,408554368;-11,68;10,52;no;;yes;1140;3;> 3 years;unidentified;;;;5;;;;;;;;5;23,65;;;;;;;;23,65;0,023933561;;;;;;;;0,023933561
18/07/2023;BM11;7;log;328;15;2,129301687;-7,95;12,72;no;;no;;3;> 3 years;unidentified;;;à moitié sous la litière;1;;;;;;;;1;26,6;;;;;;;;26,6;0,00544989;;;;;;;;0,00544989
18/07/2023;BM11;8;log;335;15,47;2,00712864;-6,54;14,02;yes;972;yes;972;3;> 3 years;unidentified;;;à moitié sous la litière;3,85;;;;;;;;3,85;39,4;;;;;;;;39,4;0,038840402;;;;;;;;0,038840402
18/07/2023;BM11;9;log;335;15,47;2,00712864;-6,54;14,02;no;;no;;3;> 3 years;unidentified;;;à moitié sous la litière;1,35;;;;;;;;1,35;22,2;;;;;;;;22,2;0,005407434;;;;;;;;0,005407434
18/07/2023;BM11;10;log;335;15,41;2,00712864;-6,51;13,97;no;;no;;5;> 3 years;unidentified;;;très dégradé;1,5;;;;;;;;1,5;27,95;;;;;;;;27,95;0,007966395;;;;;;;;0,007966395
18/07/2023;BM11;11;log;330;14,85;2,094395102;-7,43;12,86;no;;yes;"939; 940; 951; 1519; 958";3;> 3 years;unidentified;;;;7,53;;;;;;;;7,53;37,75;;;;;;;;37,75;0,068663204;;;;;;;;0,068663204
18/07/2023;BM11;12;log;330;14,85;2,094395102;-7,43;12,86;yes;941;yes;"941; 958";3;> 3 years;unidentified;;;chevauche 11 au départ, puis parallèle à 11, plus proche du centre que 11;7,5;;;;;;;;7,5;37,7;;;;;;;;37,7;0,098756995;;;;;;;;0,098756995
18/07/2023;BM11;13;log;345;14,9;1,832595715;-3,86;14,39;no;;yes;"958; 959";3;> 3 years;Quercus spp.;;2;;1,4;1,5;1,5;3,25;4;;;;11,65;52,25;38,4;21,1;35,55;31,4;;;;35,74;0,034730526;0,01554457;0,005713755;0,037406843;0,029887521;;;;0,123283216
